{
    "name": "stx_chunk",
    "license": "MIT",
    "tags": [
        "cross",
        "functional"
    ],
    "description": "like: Either<Option<T>,Error>>, the type of data in finite streams, amongst other things",
    "contributors": [
        "0b1kn00b"
    ],
    "releasenote": "goes both ways",
    "version": "0.1.3",
    "url": "https://github.com/0b1kn00b/stx_chunk",
    "dependencies": {
        "tink_core": "",
        "stx_tuple": "",
        "stx_error": "",
        "pointwise": ""
    },
    "classPath": "src/main/haxe"
}
